<?xml version="1.0" encoding="UTF-8"?><project-modules id="moduleCoreId" project-version="1.5.0">
                    
    
    
    
    <wb-module deploy-name="IPL3">
                                        
        
        
        
        <wb-resource deploy-path="/" source-path="/target/m2e-wtp/web-resources"/>
                                        
        
        
        
        <wb-resource deploy-path="/" source-path="/src/main/webapp" tag="defaultRootSource"/>
                                        
        
        
        
        <wb-resource deploy-path="/WEB-INF/classes" source-path="/src/main/java"/>
                                        
        
        
        
        <wb-resource deploy-path="/WEB-INF/classes" source-path="/src/main/resources"/>
                                        
        
        
        
        <property name="java-output-path" value="/IPL3/target/classes"/>
        <property name="context-root" value="IPL3"/>
                                    
    
    
    
    </wb-module>
                



</project-modules>
